,id,label,user_type,type_data
475,gd6v7134AUa,gd6v7134AUa,gd,post_graph
64,hqa65gyyl9s3he,hqa65gyyl9s3he,hqa,post_graph
1213,huof6l4oauohw,huof6l4oauohw,huof,post_graph
3,hv8z1u99dsj6oc,hv8z1u99dsj6oc,hv,post_graph
729,hv9i0iyjjmr7gt,hv9i0iyjjmr7gt,hv,post_graph
1233,hv9ile47wap2ny,hv9ile47wap2ny,hv,post_graph
285,hvdb7zxej2ef5,hvdb7zxej2ef5,hvdb,post_graph
1163,hve4k97sat54qs,hve4k97sat54qs,hve,post_graph
696,hvebmkoquig,hvebmkoquig,hvebmkoquig,post_graph
457,hyrw9fszl3h2t7,hyrw9fszl3h2t7,hyrw,post_graph
465,hyurapz9lkc,hyurapz9lkc,hyurapz,post_graph
401,hyxsfecmhg82oe,hyxsfecmhg82oe,hyxsfecmhg,post_graph
1012,hz0lchymrf7,hz0lchymrf7,hz,post_graph
231,hzigfb5cvgr,hzigfb5cvgr,hzigfb,post_graph
369,i18w63x9wyp1tj,i18w63x9wyp1tj,,post_graph
1058,i4il5dezsh25c,i4il5dezsh25c,,post_graph
469,i4j6wy60cma6wm,i4j6wy60cma6wm,,post_graph
877,i4j6x4ubmg671b,i4j6x4ubmg671b,,post_graph
362,i4ja9iybmi732u,i4ja9iybmi732u,,post_graph
757,i4jbu0c4ukl3sf,i4jbu0c4ukl3sf,,post_graph
769,i4jg0hk8NaM,i4jg0hk8NaM,,post_graph
699,i4jx25qj4hh7k5,i4jx25qj4hh7k5,,post_graph
458,i4kp810d0NZ,i4kp810d0NZ,,post_graph
193,i4kxfjow4tg7j2,i4kxfjow4tg7j2,,post_graph
966,i4kxfp0oe4u7p1,i4kxfp0oe4u7p1,,post_graph
1149,i4t9268xuvn6dh,i4t9268xuvn6dh,,post_graph
123,i9User281f6ny0g784,Found some Python code,,post_graph
506,i9d7o0z0z6x7ni,Welcome to Piazza!,,post_graph
733,i9d7o1adv0s7nn,Tips & Tricks for a successful class,,post_graph
351,i9d7o1dyps97np,Get familiar with Piazza,,post_graph
1242,i9d7o1giqfq7nr,Introduce Piazza to your students,,post_graph
349,i9d7o1lco8l7nv,Search for Teammates!,,post_graph
43,i9d8a6sba551tu,,,post_graph
1090,i9hxfb8jy3o4am,,,post_graph
751,i9hy7k2gz531hb,Class Intros,,post_graph
1240,i9j7u1sd9ps4sa,Textbook,,post_graph
1144,i9j9g35jae0tn,,,post_graph
1,i9ja0ax58tt1co,,,post_graph
888,i9ja0iogml84xs,,,post_graph
688,i9ja0pqec942l2,,,post_graph
1210,i9ja1465nuj57z,,,post_graph
304,i9ja1bjy1uz2uo,,,post_graph
781,i9jazgdpno334i,,,post_graph
239,i9jehpvjnwg5xr,Project code submission mode,,post_graph
374,i9jeycowbj82ii,Project Code,,post_graph
82,i9juxbw98eg4k1,,,post_graph
53,i9jvz17x9om4bi,,,post_graph
1152,i9jw2wzunrn51w,Real Time Collaboration,,post_graph
40,i9jxot4r4xa1yv,Regarding Mid Term,,post_graph
1230,i9k62sv8wwj49y,,,post_graph
416,i9khyraxz1h1f2,,,post_graph
15,i9kpjhoijykl9,Lecture Notes,,post_graph
514,i9kpxn0p7to6xx,Are there lecture transcripts provided?,,post_graph
591,i9lbp99cvi475o,In the pre course survey  the &#34;programming language experience&#34; question should be mulitple choice,,post_graph
842,i9llvpgypx671l,Is there particular format of report for assignment(s) that we need to follow?,,post_graph
1151,i9lnta4uis17pr,Metacognition and homo sapiens (sapiens),,post_graph
178,i9m5v3qvpnz7pk,Python vs. Java - advantages and disadvantages,,post_graph
1131,i9m7hvraj6h6wo,Recommended Viewing: Talk on the Development of KBAI,,post_graph
130,i9mvom3j2fyvm,bug in ProblemSet.py line 67,,post_graph
191,i9mzcwkiigbok,I am eager to learn but some tips on essay part,,post_graph
16,i9n0l4f3lnx2zg,,,post_graph
1222,i9n6qnhho9qnk,,,post_graph
1171,i9n6vru1bze3pa,Post the introduction in the wrong selection,,post_graph
778,i9n6xqtre1o36d,,,post_graph
1192,i9n8bbqbmzy7g1,Project 1 question: Attributes Issue (Python),,post_graph
638,i9nbff4g9gp3pp,,,post_graph
1021,i9nkv5c5j63nl,Clarification,,post_graph
280,i9o3d9pknpg24r,Python json library,,post_graph
868,i9o679e9j9g2kk,"Image Processing, Feature Detection",,post_graph
1045,i9o7lpsma3c4m0,,,post_graph
1148,i9octcuqspu14q,Clarification sought for Agent.Solve,,post_graph
105,i9og7iw35jisb,Why no OpenCV or other external libraries?,,post_graph
297,i9ohfk72ksz4z,,,post_graph
709,i9orkt0nucr34e,How human behavior is factored into AI ?,,post_graph
864,i9oxujcyted3fp,,,post_graph
345,i9pso7wraci2rj,Submit Assign1 by the Assign2 deadline,,post_graph
262,i9pztti7ptt7e7,,,post_graph
1176,i9q1jstjtwx14t,,,post_graph
987,i9q6l8hxoix2n,How well can an average Agent perform ?,,post_graph
740,i9qbznobsza4gp,,,post_graph
942,i9qf6gqy7py21m,Strange behavior - Project 1,,post_graph
1121,i9qp3bbowtl5o6,Github Use,,post_graph
415,i9r3b3qaysa3k7,,,post_graph
189,i9r6smzww1x1ic,The test for Intelligence,,post_graph
107,i9r70843qhm2ds,,,post_graph
981,i9rbo0k48na61n,Course Calendar,,post_graph
19,i9rcn0qhenl60m,end of lecture quizzes,,post_graph
84,i9rfre3pha7o5,Reference book for Python?,,post_graph
775,i9rfy6r9gov51e,Assignment 1 - Topic(s),,post_graph
439,i9rg6wn7xa75se,Does anyone have a link to the Handbook of Nonverbal Assessment?,,post_graph
61,i9rjew9d66q7ex,,,post_graph
480,i9rl21nvcfy4v4,At what point in the lecture progression should we really start digging into project 1?,,post_graph
937,i9rqkgmpinj7eb,,,post_graph
1116,i9s2hr9xyu578l,Project 1 - Conditional Statements,,post_graph
232,i9snejarg6p6vk,Switching Java/Python between projects?,,post_graph
996,i9sr2jmkego2kb,Solve Method Return Code,,post_graph
763,i9suyz5h6x3sx,Problem representation in the basic example B-06,,post_graph
21,i9sxc9gafwi3uy,,,post_graph
1235,i9sxgdfrb6f44x,L02 2x1 Matrices IV Solution(s),,post_graph
1229,i9sxzi5h54oq6,Feature Idea for Udacity,,post_graph
156,i9t5lq22t3s3sj,,,post_graph
911,i9t821g7fhk51j,Error on Survey,,post_graph
830,i9tb0194znq6ow,Assignment 1 - first week,,post_graph
1146,i9tdeqdqeu229y,,,post_graph
489,i9tdfbeprdd1e0,,,post_graph
780,i9te6xm8to32y8,,,post_graph
550,i9tl4858nkf2zn,Regarding to assignment 1,,post_graph
682,i9u0ql9jgjn4qx,Rise of the machines in the economist,,post_graph
1013,i9u3201hsb1l4,,,post_graph
1231,i9u48q9n41d4af,Knowledge vs Understanding,,post_graph
390,i9u5rfkxxvi40v,,,post_graph
608,i9uem1mytg071m,,,post_graph
777,i9uhza4upb71we,,,post_graph
440,i9uji0tkt772p3,,,post_graph
962,i9uqvwf7o551tx,,,post_graph
89,i9uz535ercw6ji,,,post_graph
1098,i9vdcjrn9m86ox,Did I complete the Survey?,,post_graph
1209,i9vj3g9noa55v1,,,post_graph
710,i9vkx5004733fh,Peer feedback,,post_graph
483,i9vnbtuahmp6e3,,,post_graph
899,i9w0v6g9kf17am,L5  5 Exercise: Block Problem IV Question,,post_graph
190,i9wa67fkpq2ic,Trying to sort through on approaches to Project 1,,post_graph
368,i9wow9efpz56hp,,,post_graph
812,i9wuf7uhmvm10l,,,post_graph
309,i9wzbdfof8y74e,Is 6 also a legal answer for How do we choose a match?,,post_graph
533,i9x0rf9mls25px,Are graph databases semantic networks?,,post_graph
648,i9xfpk0ft5f1y3,,,post_graph
466,i9xi0pzkap34dd,RSVP to Saturday&#39;s office hours,,post_graph
934,i9xnwrarm4w1ze,Question about class discussions,,post_graph
626,i9xq5x5kmg82w5,What Do AI Researchers Think of the Risks of AI?,,post_graph
424,i9y4wsd7pd578j,Can our Agent class email us the stack trace if our program throws an exception?,,post_graph
1173,i9y7o00ik9v2uj,,,post_graph
276,i9yav657hkz57w,I just found out there are pre course survey at the assignment list,,post_graph
613,i9yazoybvdl6i8,I found out that the deadline of assignment 2 is one week after assignment 1,,post_graph
1082,i9yy5y9yrwj6sn,Variety of Shapes in Test Problems,,post_graph
802,i9yymksd4y93hy,Pseudo code in assignments,,post_graph
858,i9zkxzh7jvatt,Assignment 1 Submission,,post_graph
286,i9zw9m00cdc2zw,I am not able to see the 3rd page of the survey,,post_graph
122,ia01tjisoo468h,Where is Winston Chapter 7?,ia,post_graph
990,ia067phastg29j,What if I focus in the assignment on alternative approach?,ia,post_graph
473,ia06tk34yew53i,,ia,post_graph
197,ia0bfktd9sg65c,Basic Problem B-04 agent solution discussion,ia,post_graph
335,ia0c1kvun5lx0,,ia,post_graph
538,ia1180cyxkb4ow,Basic Problem C-03 Solution,ia,post_graph
479,ia146st2cz8e6,Paper Mentioned in Production System Lecture,ia,post_graph
1185,ia14bi64ucn65,,ia,post_graph
808,ia1oizcx542b0,Basic Problem B-06 Solution,ia,post_graph
600,ia1oqvp631c28v,,ia,post_graph
58,ia1r45igbns5sh,,ia,post_graph
1249,ia1r4aevjqt639,Sharing a great video - The Joy Of Statistics - Hans Rosling,ia,post_graph
552,ia1vjy70z591l1,,ia,post_graph
719,ia1x6jlc4d8dk,,ia,post_graph
982,ia1ziz24xgv9t,,ia,post_graph
885,ia20cqzjdz35q0,ChUser33ge Problem B-10,ia,post_graph
1162,ia26eyaq52u4xr,Assignment 1 File Name,ia,post_graph
1139,ia2jq2y51l1sl,"I am withdrawing from the course for the summer, but will be back later.",ia,post_graph
185,ia2n3nsnb7d4wj,Confirming Start of Course survey submission,ia,post_graph
782,ia2pcc0yiry4kn,Validating Assignment 1 Goal,ia,post_graph
117,ia2pnjugezk6o9,,ia,post_graph
240,ia2wa7jfr55jc,,ia,post_graph
1166,ia2wfcx3vzi6w,Topics in KBAI as single image or pdf,ia,post_graph
548,ia2zwd3o79n7j6,,ia,post_graph
461,ia33do3mogg6hw,Project 1 (set B) chUser33ge problems don&#39;t have verbal descriptions?,ia,post_graph
859,ia38u991t9rf1,Do you use your name or GT ID in your submitted assignments?,ia,post_graph
1055,ia39a8k5go51xb,,ia,post_graph
632,ia39rgsmub32bf,Grading for assignment-1,ia,post_graph
651,ia3by7f8ze69g,Wasn&#39;t aware summer session already began,ia,post_graph
576,ia3cjdcvo503tv,"planning to do assingment2, but assignment1 submitted by mistake",ia,post_graph
1208,ia3eflo04vigm,,ia,post_graph
892,ia3gq71pytu2lx,,ia,post_graph
565,ia3pez0fyua5hc,A Idea for Proposal for developing mobile app,ia,post_graph
348,ia3q8jharie45k,"Planning P.6: Painted(Ceiling) ^ On(Robot, Ladder) is not acccepted?",ia,post_graph
431,ia3rrvwrj3n1k8,LooLast192 for a sample for assignment 1 to understand format etc,ia,post_graph
1141,ia3uz0skkvo22v,For the people doing Assignment2,ia,post_graph
604,ia3v6dsf3033a2,Who is the second person mentioned in 06-Production Systems?,ia,post_graph
210,ia3vsamwsr442y,Question about resubmissions,ia,post_graph
241,ia403is5pqb7i3,Is OK to have private Last155 and other methods in class Agent?,ia,post_graph
142,ia42676smfy77u,,ia,post_graph
818,ia42fpy39hum2,,ia,post_graph
1028,ia45n6ufrcv76t,,ia,post_graph
103,ia45o696t7s1ed,,ia,post_graph
472,ia45rou2id22pz,Should project submissions include unit tests?,ia,post_graph
867,ia4gx39g51b5uy,SOAR & Impasse,ia,post_graph
266,ia4jdx2a7h3573,Hollywood AI Agents,ia,post_graph
182,ia4kxbqijq61cf,,ia,post_graph
995,ia4rp8ghgec2m3,,ia,post_graph
135,ia4y7zwx3s4sf,,ia,post_graph
338,ia58tco4c2uc4,,ia,post_graph
750,ia5apyvxl9j3yf,Peer Feed Back,ia,post_graph
14,ia5b83jwlq66y9,Peer Feedback: Getting a 500 Error when Submitting with Google Chrome,ia,post_graph
95,ia5bq2ezcmt4vn,Edit Peer Feedback,ia,post_graph
758,ia5d6r47mis3rl,MultithLast232,ia,post_graph
1183,ia5iy1oq6j47g6,No Peer Feedback Assigned,ia,post_graph
865,ia5swxjy14m3pm,Project Code Visualization,ia,post_graph
242,ia5va7thwlj32t,New to python,ia,post_graph
32,ia5xblqmsgp21m,No PDF controls in Peer Feedback on Safari,ia,post_graph
179,ia5ywuuizin2au,,ia,post_graph
259,ia6128s9nkr5iw,,ia,post_graph
455,ia63flaazjkgo,,ia,post_graph
1243,ia6afa7a2nd40s,,ia,post_graph
607,ia6pwaub7q71pv,,ia,post_graph
539,ia6tf199rgm24u,Methods for detecting and applying transforms when using visual approach.,ia,post_graph
159,ia71mjcyrxp6ao,,ia,post_graph
1238,ia78oqefjbr45c,What if i don&#39;t agree with the feedback,ia,post_graph
148,ia7d1hlz8mn1wx,,ia,post_graph
104,ia7e0tadn9y3mg,,ia,post_graph
933,ia7kefw1rim4ff,O&#39;Reilly Open Books - Java AWT Reference,ia,post_graph
1042,ia7knp36qvl3jp,Joined peer review feedback and didn&#39;t get any assignments.,ia,post_graph
221,ia7mlnj7kk3j,Java version,ia,post_graph
1137,ia7mn3qppgt156,Peer feedback,ia,post_graph
1150,ia7nki9h4ny3sh,test engine,ia,post_graph
87,ia7o40rblu11ar,For people doing assignment 2 - Do we have tasks  in peer feedback ?,ia,post_graph
640,ia7oeedtsz43gs,,ia,post_graph
183,ia7q1yhgv0j5ep,Case-Based Reasoning: Problem understanding the difference between the case storing Last79st15isms,ia,post_graph
438,ia7skehbca862s,Udacity is hiring!,ia,post_graph
314,ia84iyedsl24z3,,ia,post_graph
645,ia84v0wihyez3,Article excerpt (pp 223-237) from Handbook of Nonverbal Assesement,ia,post_graph
428,ia85ydbzqlp714,Next Steps?,ia,post_graph
146,ia86a8eozfc145,,ia,post_graph
516,ia8mp5b64x925g,Suggestion for python class definition,ia,post_graph
1219,ia8ti0il7vq3ik,,ia,post_graph
768,ia8tq676km55rz,Refrences,ia,post_graph
128,ia8yfrzyzo856p,Javascript Agent,ia,post_graph
712,ia90yy70owx251,,ia,post_graph
1153,ia91jgjyw5j1py,‘Thought vectors’ could revolutionize artificial intelligence,ia,post_graph
992,ia92nqxo3o5628,,ia,post_graph
1221,ia93uuaj7lvu7,,ia,post_graph
925,ia9fjyk4kr54ml,,ia,post_graph
580,ia9u4prri9p1s2,,ia,post_graph
671,ia9wfhxubbm4sa,Is there any way to access the assignments we have reviewed ?,ia,post_graph
940,ia9wfl1r5y55ut,Can I edit a submitted peer feedback?,ia,post_graph
1072,iaLast169jvz7p83x7,,iaLast,post_graph
809,iaa9yj8zc1e3ra,,iaa,post_graph
1178,iaaemdb9mqy1e4,,iaaemdb,post_graph
1216,iaaftugm68c26y,,iaaftugm,post_graph
322,iab6uq52kve42z,particular problem,iab,post_graph
218,iab8uzowo3l5fd,,iab,post_graph
779,iabj57kltdgle,SOAR,iabj,post_graph
841,iabkiwls1d26p9,ChunLast192,iabkiwls,post_graph
836,iabnqqw6gmb1ke,RPM actual test?,iabnqqw,post_graph
930,iabs306o10m1z2,,iabs,post_graph
220,iabtbrmyrm729l,,iabtbrmyrm,post_graph
1252,iabwv0dxlpu5q5,,iabwv,post_graph
111,iaby2aalr0g6cu,Free book on OpenCV with Python,iaby,post_graph
1187,iacbkrews9t5nd,Good resource for CBR,iacbkrews,post_graph
152,iacnyryeei47d2,How are you comparing like objects to each other?,iacnyryeei,post_graph
1007,iacojzzecb72m1,Login to t-square,iacojzzecb,post_graph
1104,iacwqbm5np73w8,Peer feedback is very slow,iacwqbm,post_graph
810,iacwvqqvw3o7hi,Newbie Python Loop Question,iacwvqqvw,post_graph
119,iacx6vaznb91rr,Project analysis,iacx,post_graph
667,iacxu2sehc95mg,,iacxu,post_graph
1190,iacyatppy4c42v,,iacyatppy,post_graph
313,iad133vt42o607,T-Square login problems,iad,post_graph
964,iad1vovffgk4x5,Minor java helpful tip,iad,post_graph
273,iad63fe3eul6hd,How to map the semantic descriptions without CV type analysis?,iad,post_graph
312,iad8g8p0z8512,How much detail are needed for Assignments,iad,post_graph
31,iad9qf11vib1p1,Never received papers to provide feedback on Assignment 1,iad,post_graph
870,iadaf23xdbp54j,Naming convention for PDF?,iadaf,post_graph
756,iadgbon76e86dh,how to merge multiple mp4 videos as one?,iadgbon,post_graph
1245,iadgjowrbnc1po,not very easy to select last several folders,iadgjowrbnc,post_graph
1138,iadnn5lqevd4g,"Once I have my agent worLast192 for basic, how to prepare for the test ones?",iadnn,post_graph
470,iadskyzlpfb18f,Problem submitting assignment 2,iadskyzlpfb,post_graph
792,iady6k84mz42si,Assignment1 grade,iady,post_graph
881,iadz422oiyl4vp,Basic Problem B-11 -- Object Names?,iadz,post_graph
129,iadztcbrzuk2ez,When will be assignment 2 be available in peer feedback? Thanks.,iadztcbrzuk,post_graph
906,iae4a1rnvm75h1,,iae,post_graph
177,iae9y354ut82p1,,iae,post_graph
121,iaeadqbeowb51s,Can I leave debugging printouts in my Agent.java code?,iaeadqbeowb,post_graph
742,iaegznulkio36p,,iaegznulkio,post_graph
69,iaelxvzivy71zi,Assigning the angle attribute to a variable,iaelxvzivy,post_graph
577,iaenczwfcvw5yu,Does anyone have ChUser33ge Problems B written out as verbal?,iaenczwfcvw,post_graph
691,iaer4mfdx812ea,,iaer,post_graph
1088,iaes9khfcfi2oc,,iaes,post_graph
695,iaetjama5nl3z8,Python standard lib,iaetjama,post_graph
571,iaeub03kgbx2qd,How do we determine which answer is &#34;most correct&#34;?,iaeub,post_graph
823,iaeuey87z1a48l,How many basic questions are you getting correct?,iaeuey,post_graph
425,iaeui1fou7s61r,,iaeui,post_graph
1024,iaeyyhgiah72mx,,iaeyyhgiah,post_graph
478,iaezaoiot216k,,iaezaoiot,post_graph
10,iaf11ioda4ry3,Ashok on Science Friday,iaf,post_graph
1036,iaf3sjru52g4ir,,iaf,post_graph
921,iafbsc6avn64cx,,iafbsc,post_graph
739,iafbzgb8erc5h4,"I think I made a mistake, sorry.",iafbzgb,post_graph
551,iafh4anqbj441e,"What are RXY, RNXY, D4 Transformations?",iafh,post_graph
356,iafrg5f8bqo6t2,What python sub-versions are supported for the project,iafrg,post_graph
267,iafth2yffpm7kk,RSPV to saturday&#39;s office hours,iafth,post_graph
1237,iafvlc5p8cv9,,iafvlc,post_graph
1181,iafz92qf7b41ks,Clarification on ProblemData.txt file,iafz,post_graph
776,iag14fp3cqx3z6,,iag,post_graph
659,iag1ujq1ee52t,,iag,post_graph
291,iag2pdepaauyi,Cloud/Remote Computing Resources Available?,iag,post_graph
1120,iag32afmgu11z3,Submission Check,iag,post_graph
1071,iag33tn0xtw3vr,Office Hours (6/1) Follow-up,iag,post_graph
618,iag37v6h7yz4s8,Peer review site,iag,post_graph
289,iag38h36xfe73k,Office Hours (6/1) Follow-up,iag,post_graph
80,iag3jnkkpp169i,,iag,post_graph
956,iagcactcnn95ij,Production Systems Today,iagcactcnn,post_graph
316,iagfsfe0ehg5bs,,iagfsfe,post_graph
1218,iagx2aenjc75rq,,iagx,post_graph
845,iagxpvedmem24m,,iagxpvedmem,post_graph
939,iagyjqog9cm10n,,iagyjqog,post_graph
1125,iagzr8gv2qf4p8,Enums for Test Problems,iagzr,post_graph
157,iah2msn0ncu86,Guidance on getting code DRY,iah,post_graph
1040,iah888d5fvje,,iah,post_graph
863,iah8j68d3xz59y,Project 1 - question,iah,post_graph
305,iah91y2520c29w,Pacman Rotation,iah,post_graph
366,iahczetkq2v6yy,Are we allowed to access the constructor of RavensObject?,iahczetkq,post_graph
485,iahe1ksigpi6db,,iahe,post_graph
850,iahejxgjzyl5iu,,iahejxgjzyl,post_graph
560,iahhkujwulm1j9,ChUser33ge Problems without Verbal,iahhkujwulm,post_graph
602,iahjhhwibx851s,,iahjhhwibx,post_graph
1132,iahk73eloa23zu,,iahk,post_graph
399,iahl2dbajuq6zo,,iahl,post_graph
163,iahlhkpcdk81b8,,iahlhkpcdk,post_graph
1114,iahm4cnbvr95pe,Issue with constancy of images - B-08 for example,iahm,post_graph
131,iahm51gxdiq17n,Submissions for Java -- package and file structure,iahm,post_graph
960,iaht44v04gh7bi,Are we allowed to import itertool for our python code,iaht,post_graph
1032,iahwxp9oo3v72i,,iahwxp,post_graph
984,iai5x1aiqxo6xj,,iai,post_graph
975,iaib4cbpcd34a,"What I&#39;ve learned so far after completing the basic problems, methods, discussion.",iaib,post_graph
824,iaid1f22a7a3xn,Dropping out,iaid,post_graph
887,iaid7q8tnaf5j2,question about chUser33ge problem B,iaid,post_graph
503,iaif384u3vb3bf,,iaif,post_graph
734,iail4yiiwf61o0,TaLast192 a guess when you have the answer narLast97d down,iail,post_graph
1232,iaiqdu9ezh14c,,iaiqdu,post_graph
628,iaj04hxetr2yv,,iaj,post_graph
186,iaj1cdpm8jj2v3,Python Sorting Help,iaj,post_graph
674,iaj1stix64m7eb,Hard coding random seed for deterministic grading,iaj,post_graph
852,iaj1ybgsyrm3qs,A Possible Way to Add Unit Test into the Ravens Project in Eclipse,iaj,post_graph
1227,iaj4q3ikkv54yq,Mistakes in your Project 1 Agent Submission,iaj,post_graph
880,iajohifoovs8m,,iajohifoovs,post_graph
1161,iajoicjxvnf2t7,,iajoicjxvnf,post_graph
496,iaju2zes4co1sl,,iaju,post_graph
421,iajusb12cls78l,,iajusb,post_graph
450,iajyj79ndpk5jq,Peer Feedback: Is my assignment 2 under peer review?,iajyj,post_graph
633,iak0z6lvsum2kp,A Way to Redirect Console Output from Eclipse into a Text File,iak,post_graph
833,iak3w3xvhn016s,,iak,post_graph
1215,iakevjcow613c1,,iakevjcow,post_graph
1076,iakfplbj4ti41j,,iakfplbj,post_graph
1117,iakw88wdypi44f,Do we need to maintain system independence in our code?,iakw,post_graph
772,ial4032ms282xq,,ial,post_graph
1165,ial6k839lm530c,,ial,post_graph
654,ial6tgm3bu34q2,Forced to drop the class,ial,post_graph
1010,ialh2rle8xb2js,The Second Machine Age,ialh,post_graph
448,ialkp4guvom65x,Due Date,ialkp,post_graph
101,ialysegrkyx3ne,Planning to drop,ialysegrkyx,post_graph
302,iamdjujjy5e4jp,Project 1: Which language did you use?,iamdjujjy,post_graph
46,iamo97z35rz3h0,,iamo,post_graph
370,iamoxd6dugy6fx,Clarification for Project Submission,iamoxd,post_graph
557,iamss85l4i41yy,Ravensattribute,iamss,post_graph
1057,iamtLast313742z4qg,Help on verifying java sumission,iamtLast,post_graph
673,iamu72rnr2f7mc,,iamu,post_graph
1206,iamvkm0v7cm1rv,Help Running From Command Line,iamvkm,post_graph
521,iamws11zo3nc0,,iamws,post_graph
848,ian6mvho86j6mu,,ian,post_graph
726,ian7ujitszr3c4,Project 1: How to Loop through Problems,ian,post_graph
1049,ian8ycbz4ee3vw,zip on mac,ian,post_graph
449,ianj1serw5y1b9,Project1 reflection.,ianj,post_graph
910,ianmf4ih2me1p8,Alerting you to a somewhat &#34;Take Last15ce&#34; result on project 1,ianmf,post_graph
1031,ianrw39py8w6zd,just some random brainstorming,ianrw,post_graph
1089,iantd54epb936a,Project 1 Submission Problem - Please Help / Confirm. Thanks.,iantd,post_graph
1158,ianxebhijpn1je,,ianxebhijpn,post_graph
944,ianxrk8aulc6a2,,ianxrk,post_graph
1201,ianze7sfj2a644,Project Reflection - minor yet important addition,ianze,post_graph
904,iao2rnpfe0c5qv,"Forgot to remove print(answer, problem.correctAnswer) from Agent.py",iao,post_graph
279,iao4kwkk1ww2j7,Project 1 & Reflection,iao,post_graph
324,iao6zct4fcq2h9,,iao,post_graph
991,iao7dxmeh955hn,Wishing your mother the best,iao,post_graph
222,iao9xl7if0w432,Advice needed,iao,post_graph
512,iaoauiwgrui4my,Assignment 3 and 4,iaoauiwgrui,post_graph
99,iaoawhe2afe119,Grade for assignment1,iaoawhe,post_graph
353,iaobce0zndk77s,,iaobce,post_graph
871,iaodeljkz0n33m,Best wishes...,iaodeljkz,post_graph
42,iaoea1qpb9044n,,iaoea,post_graph
586,iaoexi3ycvdag,,iaoexi,post_graph
230,iaofd412vzd23j,,iaofd,post_graph
882,iaogowxtkixxn,Query regarding Grading,iaogowxtkixxn,post_graph
681,iaohrti4cae2ch,Scientists at NTNU have Last133lt a robot that learns &#39;from scratch&#39;,iaohrti,post_graph
420,iaolnjbs6vuvl,Project 1 Reflection,iaolnjbs,post_graph
441,iaom85c5tbf54m,question about my first assignment grade,iaom,post_graph
578,iaomdm92z007or,Office Hours Follow-up,iaomdm,post_graph
716,iaomdtowa0f57c,,iaomdtowa,post_graph
67,iaomnnjhhxx7ap,Differences in Python 3 or 2 for Proj?,iaomnnjhhxx,post_graph
9,iaoocl19v69281,Diagram Drawing Tools,iaoocl,post_graph
354,iaop0jnd8167kj,Project 1 submission mistake,iaop,post_graph
59,iaou4us83pb3aa,Project 1 submission mistake,iaou,post_graph
976,iap8xxpmpm422t,My experience doing the projects so far...,iap,post_graph
542,iapa6xcmyo6227,,iapa,post_graph
296,iapbclwg8po8t,,iapbclwg,post_graph
644,iapc4qwok6r6m5,Completely zoned on ...,iapc,post_graph
494,iapj414pgoq11q,Can program be awarded some points if it gets below 20% answers?,iapj,post_graph
1111,iapja98yo9n2f8,Hipchat added multiple accounts!,iapja,post_graph
889,iapnfd6rlmk32t,Project file encoding,iapnfd,post_graph
947,iapovlfsqkl2be,Assignment-1 Grade,iapovlfsqkl,post_graph
717,iapqf2gqxxm3s5,Set availability after project grading,iapqf,post_graph
963,iapyg0qv9e85lj,Print out prob# iterating through probs?,iapyg,post_graph
1008,iaq1p7ih7i848y,I believe there is a problem in the definition of the Basic C-12 problem,iaq,post_graph
30,iaq4uigzdd2fc,,iaq,post_graph
477,iaq7e1gjexgkm,Haw difficult can walLast192 be?,iaq,post_graph
501,iaq81wr5bpw5l,,iaq,post_graph
595,iaqk3aa1b462yx,,iaqk,post_graph
68,iaqkdt895h53oj,,iaqkdt,post_graph
929,iaqqq2jhfra6kj,Do we really need to explain what is RPM in every assignments and project reflections?,iaqqq,post_graph
855,iaqrdekr2qs2ir,Neural Networks,iaqrdekr,post_graph
268,iaqs3vy13l86dc,"Logic, finally something I already knew",iaqs,post_graph
445,iaqw6c1qjhp7ap,Accessing the new problem tests for testing project 2,iaqw,post_graph
116,iar1gprs8ozq5,,iar,post_graph
18,iar60exb9t85gy,Python: Multiprocessing and Pillow,iar,post_graph
896,iar6iektrde7j0,,iar,post_graph
704,iar8nelypmo3nc,Are we supposed to receive code in the peer feedback?,iar,post_graph
225,iari2f92ff26m7,,iari,post_graph
17,iarlojgztn93co,Code with Project 1,iarlojgztn,post_graph
564,iasbpcsjqyi23b,"For Java, can we include Google Guava?",iasbpcsjqyi,post_graph
132,iasg1gutvkk6uv,coverage of the assignment,iasg,post_graph
967,iasmbvt2unf44,,iasmbvt,post_graph
1244,iasmtnm7gj33qu,,iasmtnm,post_graph
796,iasn42q8tt85z1,Which assignment do you plan on doing: Assignment 3 or Assignment 4?,iasn,post_graph
346,iasytsoma8w3zo,"Logic lecture: soundness, validity, and proof",iasytsoma,post_graph
724,iat1657lehf3e5,Are all images black/white?,iat,post_graph
686,iatffh4kgks6d0,,iatffh,post_graph
909,iatg210n2nzm2,how to extend 2*2 to 3*3 in project 2?,iatg,post_graph
1224,iats7k02gky701,,iats,post_graph
661,iatsonvsxgb5d4,,iatsonvsxgb,post_graph
1172,iatv24hzeiw3ew,Fractal representations,iatv,post_graph
263,iatvjau9csk6ds,,iatvjau,post_graph
35,iatwo9b6xsq21p,Quarter-course survey assignment,iatwo,post_graph
184,iaty7m6jjjt58n,,iaty,post_graph
977,iau4vh75rct4z9,Project 1 Grade,iau,post_graph
589,iau75jjffey27e,,iau,post_graph
948,iau7jadsrcf225,Office hours potentially delayed,iau,post_graph
1228,iaua6fnbzbk46g,Sending messages in Peer Feedback?,iaua,post_graph
153,iaud152jwis5ji,Reflection for Projects 2 and 3,iaud,post_graph
408,iaud67ozdmy5ye,Submitted wrong PDF for Project 1 Reflection,iaud,post_graph
1063,iaui9hq5mql5w1,,iaui,post_graph
829,iauj7mzfyzf263,5 ways business can use AI today,iauj,post_graph
1096,iauppnzvrws4wy,peer feedback not worLast192,iauppnzvrws,post_graph
1037,iausf6cazuc1jc,Help: Edit Button Does Not Work in Peer Review,iausf,post_graph
72,iav2l1dyd9v7ie,,iav,post_graph
446,iav3kxg5xlf4xo,Plagiarism - announcement,iav,post_graph
1220,iav4awrp187yy,Classification vs. Incremental Concept Learning,iav,post_graph
51,iav58e442cw2hd,Plagiarism,iav,post_graph
611,iav6gro9pu31kl,,iav,post_graph
397,iav6kb7ao9r1wa,Errors with Project 1 Submission,iav,post_graph
36,iav8752cr3p19s,,iav,post_graph
284,iavbhw8f30k2rs,,iavbhw,post_graph
649,iavdf6e4ebl4sr,Adding Flexibility to Task Planning,iavdf,post_graph
851,iavfbmj6or71e6,,iavfbmj,post_graph
204,iavgb6hjk0a6yo,Plagiarism question,iavgb,post_graph
329,iavk4yy6umt21q,,iavk,post_graph
1066,iavkap7ahj64n2,bug in udacity logic final quiz,iavkap,post_graph
443,iavkfop0j205ct,,iavkfop,post_graph
624,iavnjoil40t5na,Project 1 Reflection,iavnjoil,post_graph
838,iavqo8b6a8u6nl,Verify No Plagiarism,iavqo,post_graph
546,iavx87my7nk5rz,,iavx,post_graph
530,iavxh0rx4wa4ep,Got Assignment 2 instead of Project 1 for peer feedback,iavxh,post_graph
1119,iavyzalpouh7c3,Do we need to cite usage of verbiage from lectures or course documentation?,iavyzalpouh,post_graph
361,iaw2e2xdxx92vx,MarI/O: AI learns to play Mario based only on experience,iaw,post_graph
561,iaw3vbajhcl3ra,,iaw,post_graph
301,iaw5t5a74uj67a,"Assignment 3 Submitted; Some extra work in here. That said, hope you enjoy it!",iaw,post_graph
412,iawe8ogmqokd8,,iawe,post_graph
715,iawph8mivse4oz,,iawph,post_graph
900,iawqjaduc452m3,Any Insight How how to Satisfy Rubric 1 & 2 Between Assignments?,iawqjaduc,post_graph
1203,iawysp51l2b59k,,iawysp,post_graph
180,iax1i5cc1pn5v6,1 on 1 discussion,iax,post_graph
556,iax7jp1illk19x,,iax,post_graph
274,iaxbwxpfei7hx,Preventing diff. proj. runs giving diff. answers?,iaxbwxpfei,post_graph
256,iaxdq5k5dh55qf,Potential Bug In Piazza for First325 Last325,iaxdq,post_graph
162,iaxgnoz4o8064r,Is the assignment 3 and 4 same?,iaxgnoz,post_graph
721,iaxy6fyyvtc3ym,Assignment 2 and Project 1,iaxy,post_graph
793,iaxz8jq21np5lt,,iaxz,post_graph
545,iaxztigps9s592,drastic difference between projects,iaxztigps,post_graph
187,iay0un15mr87ic,designing project 2 and 3,iay,post_graph
464,iay2u8s9o7141m,Pre-courses AI exposure,iay,post_graph
1003,iay3n4685e770d,Plagiarism,iay,post_graph
459,iay5q9y192i148,Project 1 Reflection Feedback - listed as Not Submitted in T-Square,iay,post_graph
1083,iay6vbnz2qo4wr,,iay,post_graph
873,iay8jdqy2el411,Where are the modified latest problems for Project 2 ?,iay,post_graph
1247,iay8yj8m8dp71a,Project 1 Submission,iay,post_graph
663,iay93katnl659m,Style guides,iay,post_graph
227,iayh4nq67k1hs,Can I Post this in trend &#64;448,iayh,post_graph
194,iayi1m2tf621mn,,iayi,post_graph
341,iayibq6mjs35jv,,iayibq,post_graph
1135,iayim9mnetd46t,Some feedback for my grade.,iayim,post_graph
199,iayj05twoci3p3,,iayj,post_graph
563,iaykm7xzrlgpi,Any update on the missing transcripts?,iaykm,post_graph
919,iaymxr7fx7c7ic,Missed feedback!,iaymxr,post_graph
804,iaypkq0szz75a4,Resubmission,iaypkq,post_graph
883,iaytss0ut7g4on,Holy cow,iaytss,post_graph
949,iaytv7z6dtt92,,iaytv,post_graph
460,iayunvwivke5p5,Error in project 1 results,iayunvwivke,post_graph
1034,iayv4fduj3x2g0,Different test results,iayv,post_graph
226,iayvgygoywtnw,,iayvgygoywtnw,post_graph
233,iayvp7gc5923v,Project 1 Issues?,iayvp,post_graph
1020,iaz7qs89kmg6ib,Project 1 Grades (Agent),iaz,post_graph
389,iaz99iwijsx1ea,,iaz,post_graph
2,iazayrtvq4y3dm,contest my grade for assignment 2,iazayrtvq,post_graph
1145,iazdpkukwv9zw,Meta-Feedback on Grade for Assignment #2,iazdpkukwv,post_graph
994,iazfd85sf712c7,RSVP to Saturday office hours,iazfd,post_graph
1039,iazjaralyku5nn,agent grade not available,iazjaralyku,post_graph
1087,iaznzyelx1j9w,Project 1 Agents Results,iaznzyelx,post_graph
223,iazrivvuhokn5,,iazrivvuhokn,post_graph
1130,iazv1eray9t677,Force a set of problems as input to code,iazv,post_graph
639,iazwtuu3p6a6au,Basic Problem C-08,iazwtuu,post_graph
614,ib00bt291i74ae,Question on Schedule,ib,post_graph
90,ib03hg5bppa3q9,,ib,post_graph
201,ib043ldg9jr6gx,How to use exemplary work without breaLast192 any honor rules?,ib,post_graph
65,ib049v6swf947,Question about the grade for project 1,ib,post_graph
787,ib06pypg7ag78e,,ib,post_graph
398,ib09brbp9up3zs,B-06 Typo,ib,post_graph
1129,ib0awfxidpd3ba,If you would prefer...,ib,post_graph
270,ib0mhkod4go5bt,,ib,post_graph
319,ib0ozwrdehq3ru,Follow up for incomplete project1,ib,post_graph
235,ib0rgwopmjm4s2,References Reflection,ib,post_graph
217,ib0seekjzth31d,Project 1 agent performance score error,ib,post_graph
166,ib0x7g1mjf17e4,,ib,post_graph
430,ib0y0a8dnkt1h0,,ib,post_graph
1207,ib10hz846pp7jk,,ib,post_graph
662,ib12sl1et8p1qx,Agent Performance,ib,post_graph
1056,ib132v4afc43ma,,ib,post_graph
378,ib14knvjhlf4l4,Thanks!,ib,post_graph
568,ib18m6umt253zz,Java UI OK?,ib,post_graph
176,ib18xbtypp64pn,,ib,post_graph
954,ib1b4wl93i32l8,KBAI Memes,ib,post_graph
52,ib1e6vv6utd6mn,Project-1 Test Problem set with verbal representation request,ib,post_graph
365,ib1edp8p6d63po,,ib,post_graph
1095,ib1f4t9df7o22g,,ib,post_graph
359,ib1n9a10ngg41j,Lose Points Retroactively,ib,post_graph
957,ib1ohgxieqf3u7,How many Basic C problems have you solved so far?,ib,post_graph
265,ib28gprom0j3qt,Problem Types,ib,post_graph
145,ib2d39b1g1d42y,Assignment 1 Plagarism,ib,post_graph
115,ib2dux1ptcxem,,ib,post_graph
926,ib2gd5zap3894,,ib,post_graph
1048,ib2gge5ql8s2et,Project 1 Java Version,ib,post_graph
318,ib2grsdhz12tn,Performing better on basic probs than test,ib,post_graph
805,ib2gsmmbjw01wi,Are we able to see the Proj1 test problems?,ib,post_graph
212,ib2himjv53aji,,ib,post_graph
754,ib2hm36ixjmpw,Time Constrains in the running of the Agent,ib,post_graph
504,ib2hn82bz8q14i,,ib,post_graph
1136,ib2igfn929512,"Pepper, the Emotional Robot",ib,post_graph
98,ib2k3881103i0,First270 Cope: Experiments in Musical Intelligence,ib,post_graph
49,ib2vv4e8fw2ak,,ib,post_graph
513,ib32e9b8kbw4t0,Peer Feedback for Assignment 3 for First139 8341,ib,post_graph
488,ib33n69fm124zp,,ib,post_graph
795,ib35bn2s9i41yb,,ib,post_graph
432,ib3931njnaz1ey,Pillow: Using thresholded black & white vs gray scale/RGBA,ib,post_graph
820,ib3cfkg3am129x,I created my agent on Java 7,ib,post_graph
938,ib3u07e1nj3315,Death and pet robots,ib,post_graph
410,ib3ztjt42le23m,"Interesting paper on Neural Modurality, Evolution and New Skills",ib,post_graph
208,ib4cnllne0p3jq,,ib,post_graph
869,ib4gdjoh75k74h,Reran your Project 1 Agent Submission with Java 7,ib,post_graph
13,ib4gerz884xxk,Reran your Project 1 Agent Submission Using Java 7,ib,post_graph
837,ib4ghddpm134v2,Reran your Project 1 Agent Submission Using Java 7,ib,post_graph
958,ib4gir6p9cq50d,Reran Your Project 1 Agent Submission Using Java 7,ib,post_graph
587,ib4gkpuajln5al,Assignment 3 Feedback,ib,post_graph
76,ib4j19tf20w1t3,,ib,post_graph
650,ib4oilqezxj1bs,Average time spent peer reviewing,ib,post_graph
572,ib4pup9xiqm393,Downstream impact of AI (driverless vehicles),ib,post_graph
813,ib548xptwgu34v,Re: Plagiarism,ib,post_graph
340,ib55a5erknw1ci,,ib,post_graph
693,ib5dngpoa5h6tm,,ib,post_graph
625,ib5ea8t66dpdq,,ib,post_graph
832,ib5g51vshon3vz,Project 1 Grade,ib,post_graph
426,ib5o9s6oux453q,question on project 1 grade,ib,post_graph
20,ib6132eu9w53l5,regarding the plagiarism policy,ib,post_graph
363,ib67b5wwliq288,,ib,post_graph
1050,ib6jfrt02z15tg,How is a leopard like a sofa?,ib,post_graph
1196,ib6le6gfuh878k,problems with rotation,ib,post_graph
714,ib6mk8kvtp9279,It will be helpful to have a Reset button in Udacity quizzes,ib,post_graph
558,ib6q38eb6aa368,Advice on assignment 5/6,ib,post_graph
637,ib6u2gwisld3qz,,ib,post_graph
215,ib718ldnqcj24p,Peer Feedback - Question about deadlines,ib,post_graph
12,ib7990fbawz40z,assignment 4,ib,post_graph
1197,ib7bimmibal3fe,Mind Map,ib,post_graph
814,ib7d3fcq4pf2di,,ib,post_graph
282,ib7ddvv3n0mzm,,ib,post_graph
762,ib7gezhszd86zw,,ib,post_graph
807,ib7kqqj94n47b2,Will the result of &#39;Project 1 Reflection&#39; be available on Monday ?,ib,post_graph
1115,ib7mnsnigf97cn,Image Morphology - in-filling small holes,ib,post_graph
343,ib7t402oomj5e,Assignment 4 - Problem on Submission,ib,post_graph
406,ib7tncofrf823f,Basic Problem C-10: What&#39;s going on here?,ib,post_graph
209,ib7wexccupl52x,,ib,post_graph
816,ib7xr75q7fd3i6,B05 Exception Output,ib,post_graph
1167,ib83pees4xf6dr,,ib,post_graph
705,ib88ogejcjo4a0,Nicely done!,ib,post_graph
979,ib8curqdl5523u,AI Dreams,ib,post_graph
519,ib8hwaja5xuzg,Results from Project 1 Agent Rerun,ib,post_graph
278,ib8lxmhlmqaau,,ib,post_graph
1099,ib8pbtjfi5l5pu,How Many ChUser33ge-C Problems your agent is able to solve,ib,post_graph
1030,ib8pkimro3c6w,,ib,post_graph
507,ib8pn5rx76d4ej,Project Performance,ib,post_graph
599,ib8q6lo99w25ys,,ib,post_graph
1156,ib8qchk3n925k,Please review Project 1 grade calculation,ib,post_graph
196,ib8qjfivjsl7lt,Project 1 Reflection Feedback Location,ib,post_graph
652,ib8r72czcpoq0,Visual Processing: Finding Corners & Rotations,ib,post_graph
753,ib8s6l1mhgf730,Error in score calculation for project 1,ib,post_graph
913,ib9ifwsv9xm330,Enlarging Peer Feedback Documents,ib,post_graph
694,ib9ios2f84p42s,the algorithm of Neyman-Pearson lemma,ib,post_graph
983,ib9j2uy2h684s8,Manually submitting papers to peer feedback?,ib,post_graph
518,iba0ful0d7h30w,project 1 feedback.,iba,post_graph
1204,iba1flpa3fi1qn,Recap if you know it already: A Useful Geometry Class in Java AWT Library,iba,post_graph
79,iba2xu6062i71o,Explanation-Based Learning and The Holy Grail,iba,post_graph
373,ibafsx61si25xh,,ibafsx,post_graph
609,ibaliitl1np5qf,,ibaliitl,post_graph
404,ibatLast693q9w5do,,ibatLast,post_graph
126,ibaxqyb881b6b2,Recommended Pillow Tutorials,ibaxqyb,post_graph
73,ibb2jhs0t9j3e8,,ibb,post_graph
936,ibb46g81eul6p7,,ibb,post_graph
114,ibb61r64wsjyc,Autonomous cars,ibb,post_graph
886,ibbkls6mko51v2,,ibbkls,post_graph
1059,ibbmtdml62t4w0,Any issues with incrementing on Project 1 Reflection?,ibbmtdml,post_graph
41,ibbo3mf5y8937,,ibbo,post_graph
1086,ibbobduaizw1r0,,ibbobduaizw,post_graph
1016,ibc36kujd2j16e,affine method in recommended paper,ibc,post_graph
759,ibcdun67ugy56d,How to approach visual method,ibcdun,post_graph
666,ibciu5fh54j5r3,,ibciu,post_graph
219,ibcjdarnzcz2t9,Final exam content?,ibcjdarnzcz,post_graph
1200,ibcjk6r1g8w3gj,ChUser33ge B-04 : still cannot understand why 4 is the solution,ibcjk,post_graph
1182,ibco6qfgwz960h,Peer Feedback &#34;Checked&#34;,ibco,post_graph
635,ibctw2j2bgc44x,RSVP to Saturday&#39;s 1 pm office hours,ibctw,post_graph
573,ibcww5l0wpy6eu,PIL ImageChops AttributeError: RavensFigure instance has no attribute &#39;load&#39;,ibcww,post_graph
1069,ibd1418j1miyq,Why my java program did not terminate immediately after it finished its calculation?,ibd,post_graph
786,ibd3avhwrg64ln,ChUser33ge Problem E-12,ibd,post_graph
350,ibd3vbbukcg7nb,,ibd,post_graph
687,ibd8khnflp65ir,,ibd,post_graph
1074,ibdna032aa160s,help with extracting individual object,ibdna,post_graph
895,ibdp54vorah68p,Defensive Driving 101 - Google vs. Delphi agents,ibdp,post_graph
1164,ibdrok3i24x1sh,Basic-C Problems solved FIXED,ibdrok,post_graph
923,ibdtx5jmgcxpz,"Implementing Union, XOR and Intersection using verbal representation",ibdtx,post_graph
834,ibdvq43usnvvw,Sequence of Problem Sets in Projects 2 and 3,ibdvq,post_graph
727,ibdypcozl8y3s0,Ray Kurzweil&#39;s Pattern Recognition Theory of Mind,ibdypcozl,post_graph
510,ibe0spv6i3k5cf,,ibe,post_graph
969,ibe1o40jloh7h6,,ibe,post_graph
195,ibe7pzbmFirst34657p,,ibe,post_graph
765,ibeitldvrdit0,,ibeitldvrdit,post_graph
1250,ibf4dsmffic17x,How to solve basic problem 12 and 8?,ibf,post_graph
579,ibf56e9ai7r26z,,ibf,post_graph
50,ibf5mm8lntp46y,,ibf,post_graph
0,ibf84e4h8kl684,GaTech GitHub Down,ibf,post_graph
54,ibf9wf6jy5f5v,Project 2 Reflection Guidelines,ibf,post_graph
860,ibfhszjjgrf2dn,pillow add two images,ibfhszjjgrf,post_graph
1177,ibfi963vcd7378,Maximum Program Runtime During Grading,ibfi,post_graph
451,ibfiyen35fx6lb,Interesting article from Google on its latest AI bot,ibfiyen,post_graph
955,ibfnuy5vymu60w,,ibfnuy,post_graph
418,ibfzd76bc6a2o5,,ibfzd,post_graph
656,ibg4bu8edba6pc,"But seriously, may I share that?",ibg,post_graph
474,ibg7g9v5khwyw,Where to read images from for Visual solver,ibg,post_graph
94,ibgawbe6hww2vj,SpaceX Launch Constraining Project 2 Efforts,ibgawbe,post_graph
154,ibgjno3tjpo214,Does ChUser33ge or Raven Problems Have Common Identifying Attributes?,ibgjno,post_graph
171,ibgmm8ffav85x8,Agent taLast192 too long countermeasures,ibgmm,post_graph
1159,ibgpsmxy3de545,Solving C-07,ibgpsmxy,post_graph
720,ibgsflpoxhh3l4,okay to leave print statements in project submission?,ibgsflpoxhh,post_graph
1226,ibgxzv10tqy5dr,An Unnerving Chatbot,ibgxzv,post_graph
1217,ibh3b7548gf5ei,Peer Feedback System - Cannot Login,ibh,post_graph
1246,ibha2boj3f7pu,,ibha,post_graph
593,ibhbwvp57ij1jp,Warning about answer checLast192 loophole,ibhbwvp,post_graph
290,ibhbxlbo4ni3oi,TO: Missing67. 11 agents voting together,ibhbxlbo,post_graph
380,ibhc47gc5ya16k,Need Help on Comparison for Project 2,ibhc,post_graph
161,ibhc6qw7omp6tn,Code Error for Prob C-08 Help,ibhc,post_graph
173,ibhe1fv45ug7e8,At a loss,ibhe,post_graph
959,ibhemqowknf7hi,Regarding Project 2 And Onwards,ibhemqowknf,post_graph
1043,ibhf01509575il,,ibhf,post_graph
1157,ibhg0cqagq33r0,Skipping problems.,ibhg,post_graph
998,ibhhtreaje93fw,Issue with running using command line  -java,ibhhtreaje,post_graph
801,ibhtxzs5jy51mq,Project Submission,ibhtxzs,post_graph
1112,ibhv2cekti04xi,Project 2 Submission,ibhv,post_graph
463,ibhvpe57hpo677,Project 2 AI Agent,ibhvpe,post_graph
731,ibhwcrkdii1yq,Survey Typo?,ibhwcrkdii,post_graph
541,ibi1nvvkhtu2jo,,ibi,post_graph
730,ibi4aswodai2zg,,ibi,post_graph
680,ibi4bjesakp3g9,,ibi,post_graph
392,ibi84jqr5ty2jj,AI agents to fight astroturfing,ibi,post_graph
109,ibi93i2hyac5fs,ATTACHED: Project 2 Reflection; Extra work done,ibi,post_graph
55,ibijsx2rbi87kt,This weeks discussion,ibijsx,post_graph
236,ibikvwlliue6g4,Follow up from prior office hours,ibikvwlliue,post_graph
588,ibikya1yduj31u,Optional Last232 for the Diagnosis and Troubleshooting,ibikya,post_graph
677,ibin429p7d835b,Regarding the optional Last232,ibin,post_graph
247,ibio4t09zvc1il,,ibio,post_graph
429,ibiofkkxgjx3r4,I couldn&#39;t see my feedback nor grade for assignment-3,ibiofkkxgjx,post_graph
978,ibiomgj6fu4zl,Assignment 3 grades,ibiomgj,post_graph
535,ibiqnhyswol19d,Use of English Language,ibiqnhyswol,post_graph
1199,ibir0w4ymx25j5,,ibir,post_graph
462,ibirfm4iav0cn,Tutoring for Project 3,ibirfm,post_graph
402,ibirqbzkhic2mp,Plagiarism Question,ibirqbzkhic,post_graph
783,ibjdgp5078s4h,Peer Feedback Disappearance,ibjdgp,post_graph
453,ibje9lamr3s39h,Strictly Visual,ibje,post_graph
879,ibjlnjo38kh1ld,Request for early Project 2 samples,ibjlnjo,post_graph
414,ibjs7wpp3333ne,,ibjs,post_graph
125,ibjts1pkz9f58o,,ibjts,post_graph
723,ibjuaon06gjc,&#34;Why is  the answer?&#34; thread,ibjuaon,post_graph
26,ibjufxwl1941lf,,ibjufxwl,post_graph
585,ibjuz11kz975ha,Is going all visual considered a &#34;risk&#34; for the purpose of grading?,ibjuz,post_graph
980,ibk1uh51y1e782,project struggles.,ibk,post_graph
540,ibk6qkfbo0p4nq,AI Agent,ibk,post_graph
707,ibk84p8bdy5xh,,ibk,post_graph
433,ibkszdgfdhy6b1,Cognitive Learning Article,ibkszdgfdhy,post_graph
500,ibkvg6fl7yt1rv,Zip File,ibkvg,post_graph
672,ibl5euu3oo51kw,,ibl,post_graph
728,iblba64n4hv2u2,,iblba,post_graph
454,ibldnccdaoh4xo,,ibldnccdaoh,post_graph
34,ibllcrdmgqu785,Assignment 3,ibllcrdmgqu,post_graph
1046,ibmp9fdv4tt24m,Your Project 2 Agent Submission,ibmp,post_graph
689,ibmpb9avm1r2i0,Issue with your Project 2 Agent Submission,ibmpb,post_graph
567,ibmpd59vop8iw,Issue with your Project 2 Agent Submission,ibmpd,post_graph
63,ibmpmgsojw1zf,Issue with your Project 2 Agent Submission,ibmpmgsojw,post_graph
856,ibmqokdsx5d6qs,,ibmqokdsx,post_graph
794,ibmqrjpm7hc1ek,Issue with your Project 2 Agent Submission,ibmqrjpm,post_graph
384,ibmqrmx9mkg74r,question about assignment 5,ibmqrmx,post_graph
224,ibmqvr3lr567ns,Issue with Your Project 2 Agent Submission,ibmqvr,post_graph
147,ibmqy58dn1s2ej,Issue with your Project 2 Agent Submission,ibmqy,post_graph
605,ibmr0zyhnry10i,Issue with your Project 2 Agent Submission,ibmr,post_graph
140,ibmr7uhmcme3pt,Issue with your Project 2 Agent Submission,ibmr,post_graph
594,ibmuta4pgse5c7,Followup of long-running agent,ibmuta,post_graph
396,ibnjkur137jvy,Udacity,ibnjkur,post_graph
326,ibnwksqgyst3zh,Assignment 5 on Diagnostics,ibnwksqgyst,post_graph
257,ibnyhp8uno97c,Project 2 reflection Peer feedback,ibnyhp,post_graph
622,ibocirzaqw5us,,ibocirzaqw,post_graph
385,ibost91ebk24qi,New York Times featurette: a fun puzzle which relates to the class,ibost,post_graph
562,ibpnrfc1gbq41g,Assignment 5 Submission,ibpnrfc,post_graph
1047,ibptpqlf693so,Good article on confirmation bias,ibptpqlf,post_graph
702,ibq2jirz5eu2u,I wish I could Last316e one of my feedbacks,ibq,post_graph
620,ibqzht1zkmn2qv,Update project zip file,ibqzht,post_graph
1134,ibr63mx7gm6bk,Are we graded on Piazza marLast192 lectures as completed?,ibr,post_graph
139,ibr6auh8pao6ln,Talk about starting from scratch,ibr,post_graph
100,ibrbuspqstcab,Issue with your Project 2 Agent Submission,ibrbuspqstcab,post_graph
328,ibrc49jzllt1kv,Issue with your Project 2 Agent Submission,ibrc,post_graph
584,ibrj0aeji4c6ra,,ibrj,post_graph
112,ibrk8bgdg4k2y8,Assignment 5 Submitted - Stretch Assignment Again! Enjoy! ... Sad to end!,ibrk,post_graph
303,ibrwrtp7yc615n,,ibrwrtp,post_graph
747,ibs5qfu71uf6v5,,ibs,post_graph
636,ibs67y9hwx1vg,,ibs,post_graph
646,ibs7jhwizpa1vt,Project 2 extension,ibs,post_graph
252,ibsbzsqyb4l16f,Quick head&#39;s up,ibsbzsqyb,post_graph
943,ibscsf2vr2s5vn,,ibscsf,post_graph
317,ibsjo3xfo1po4,The Grid,ibsjo,post_graph
93,ibsmvd2mkqk3wg,Your Project 2 Stdout,ibsmvd,post_graph
383,ibso2emgvju38l,,ibso,post_graph
861,ibso33x0xx3p1,Assignment 4 grading,ibso,post_graph
920,ibsodwd4ji94a8,,ibsodwd,post_graph
245,ibsog220occ4o0,,ibsog,post_graph
819,ibsokbz1s196ak,Project 2 Error,ibsokbz,post_graph
295,ibspq0uwq0e4bs,Error logs,ibspq,post_graph
293,ibsqs3yeut85dz,,ibsqs,post_graph
522,ibsqunvkblc4ip,Request for Details of Error Encountered During Project 2 Test Problem C-09,ibsqunvkblc,post_graph
138,ibsr2op1i4y5p5,Project 2 Agent Update,ibsr,post_graph
1053,ibsrlmr0h447bj,,ibsrlmr,post_graph
664,ibssjeo5x7a6re,My project2 grade was not available,ibssjeo,post_graph
529,ibstb4u1daf28i,No Project 2 grades: was there a problem running my agent?,ibstb,post_graph
597,ibstdyyn9dc4fv,"I&#39;m sorry my Agent did not work; please, let me know",ibstdyyn,post_graph
722,ibswocutba12w1,4 errors on Test C Problems ;(,ibswocutba,post_graph
310,ibt1id62cak5wf,Re-running Project 2 agent to get more data,ibt,post_graph
517,ibt1rb8jwls94,Error in test problem C-09,ibt,post_graph
375,ibt1zusgme9y3,Missing Project 2 partial grade,ibt,post_graph
192,ibt2cdf4bxii6,Borrow Code of Project 2,ibt,post_graph
482,ibt2uibsqvp370,I don&#39;t see a grade for my Project 2,ibt,post_graph
7,ibt6j7knpcl4yt,Project 2 Partial Grades,ibt,post_graph
502,ibtao4iwh053xx,Project 2 No Partial Grade,ibtao,post_graph
136,ibtavaombvp7t,Project 2 Grade,ibtavaombvp,post_graph
1180,ibtbaq7t4yl1c6,ThinLast192 about Deeper verses Simple Similarity,ibtbaq,post_graph
352,ibtdommg5nt4i4,Project 2 Grade Not Showing,ibtdommg,post_graph
528,ibtfims8xqw22n,,ibtfims,post_graph
668,ibtjxdw4yb02dp,Project 2 Errors,ibtjxdw,post_graph
44,ibtmq1191p21kx,Project 2 Status,ibtmq,post_graph
1035,ibtqb618nhh46w,graph/network data structures for projects,ibtqb,post_graph
741,ibtsmnshqlx3v0,RSVP to Saturday&#39;s office hours,ibtsmnshqlx,post_graph
876,ibttxlcnt0v3ys,Help regarding Assignment 4 grading,ibttxlcnt,post_graph
281,ibtvz6kmz4q28q,Project 2 Grade missing and maybe incorrect?,ibtvz,post_graph
1077,ibu1zsawmqk65y,Error in project 2,ibu,post_graph
999,ibu2hg6egxe4ts,I don&#39;t have a grade for project 2 yet,ibu,post_graph
1175,ibu2kaji6ay1hs,Your Project 2 Agent Submission,ibu,post_graph
311,ibu2uqmkxh9617,"Access to Kunda, Mc Greggor paper",ibu,post_graph
732,ibu7lcb5hyt7ke,,ibu,post_graph
784,ibu7zllume86pz,,ibu,post_graph
487,ibu8ldo4qk0148,Accounting for pixel disparity,ibu,post_graph
1002,ibuprb8kxpj3hg,"Project 3: If you feel like you don&#39;t know where to begin, there&#39;s hope...",ibuprb,post_graph
683,ibuups912iy6dz,Assignment 6,ibuups,post_graph
915,ibv1epbnciw2v6,Request for help with Assignment 4,ibv,post_graph
623,ibv56dj9p521rq,,ibv,post_graph
941,ibvdl4dl5fu68i,Previewing new Linear Algebra mini-course,ibvdl,post_graph
23,ibvnj9o1wqp1r6,Issue with your Project 2 Agent Submission,ibvnj,post_graph
1124,ibvobb3fy1v4ev,Issue with your Project 2 Submission,ibvobb,post_graph
1236,ibvtoi8bj7b1ti,,ibvtoi,post_graph
621,ibvw2trf6cl6pi,,ibvw,post_graph
165,ibw5bmg3Last3244gg,"I found a terrific utility function on Stackoverflow, now what?",ibw,post_graph
447,ibwe5hfoxqi3lt,Result of Project 2,ibwe,post_graph
916,ibwergkm6j94th,Pillow Videos or Tutorials?,ibwergkm,post_graph
525,ibwfkb7spe11sq,Image tutorials on Lynda,ibwfkb,post_graph
45,ibwskuwv3lf1cm,,ibwskuwv,post_graph
985,ibwsqav14yt2ch,,ibwsqav,post_graph
610,ibwt80z6tze54t,Result of Project 2,ibwt,post_graph
134,ibwtnse8twy7cv,Result of Project 2,ibwtnse,post_graph
371,ibx07lo8ut85ny,Assignment 6 ComLast218y Activities,ibx,post_graph
1062,ibx4rdr1wcy5s6,How many are you currently getting correct from Set E?,ibx,post_graph
917,ibx4sdrs2fp6e8,Make the Project Easy... don&#39;t fret!,ibx,post_graph
360,ibxqoevwzxt1in,Result of Project 2 - User178,ibxqoevwzxt,post_graph
1105,ibxuzi435xx6i7,Partial improvement on previous results,ibxuzi,post_graph
1019,ibxvv99k4v31kf,Do you like Tetris?,ibxvv,post_graph
844,ibxzz9w2wv566,I did not receive a grade for Project 2 at all,ibxzz,post_graph
188,iby0cw1cnxi5w4,Does visual representation image returns object&#39;s information like verbal with provided library?,iby,post_graph
96,ibya4dh5qjre8,Project 2 Errors,ibya,post_graph
1214,ibyf8vmjrob6fh,,ibyf,post_graph
1191,ibyfeg14n804fs,Assigment 6,ibyfeg,post_graph
382,ibygyh09tc748z,,ibygyh,post_graph
372,ibzcyj2d14i60a,Questions correct poll for set D,ibzcyj,post_graph
534,ibzepejpvge6ws,Future of AI Technology (1992),ibzepejpvge,post_graph
1168,ibzm8c624kt5hc,ProblemSetList.txt  for Project 3,ibzm,post_graph
505,ibzn0d7ew6128r,EdTech,ibzn,post_graph
490,ibzo65uc2eh79r,Question about lecture 23,ibzo,post_graph
498,ibzsytnmwz7cs,What is creativity?,ibzsytnmwz,post_graph
914,ic01ulvlzyh4yg,,ic,post_graph
181,ic0335frero6vz,I was wondering what should we write in Project 3 reflection?,ic,post_graph
1205,ic0noua8rv83q3,,ic,post_graph
467,ic0obalkpea5jv,,ic,post_graph
811,ic0t0yzatht3s1,Which basic D problems are you having trouble with?,ic,post_graph
1103,ic0zsx5o61r2sp,,ic,post_graph
476,ic10xb3csd03ib,,ic,post_graph
946,ic11ffhrk681y3,Mid Class Survey,ic,post_graph
1064,ic12jljcysq4j8,comLast218y security related assignment 6 submission,ic,post_graph
1094,ic15majlaox5ed,Can assignment 6 be about solving RPM problems?,ic,post_graph
592,ic16g2bxeku2c9,Project 2 quirk,ic,post_graph
583,ic1936buw2nua,,ic,post_graph
511,ic1au3w5adw5ed,Assignment 6 private submission,ic,post_graph
357,ic1b64uz3l552w,,ic,post_graph
8,ic1czkayb5dks,Wrong rating on reviewers last few feedbacks,ic,post_graph
827,ic1icvjvzuw84,,ic,post_graph
901,ic1nzad8slt3wc,Gaussian Blur,ic,post_graph
675,ic1vjil0dkm6gu,Assignment 6: Prefer no Peer Feedback to Keep Info Private,ic,post_graph
38,ic1wdzuwoe34v,,ic,post_graph
120,ic1xxa77fis6be,Late Assignment 6  Acceptance?,ic,post_graph
1239,ic253j067f229z,How to union/intersect/minus  two images using java?,ic,post_graph
81,ic298vjzwe9404,,ic,post_graph
1091,ic2inji73p0574,"Please, explain logic under ChUser33ge E-08",ic,post_graph
1084,ic2joxy4onh2oy,,ic,post_graph
387,ic2qe9112jd3pz,Train an AI Agent to Recognize Colors,ic,post_graph
961,ic2rzilb70p5rs,LooLast192 for Ways to use Fourier Descriptors in Python Code - Libraries permitted?,ic,post_graph
1140,ic2tiptcq4m4kz,Pixel differences in fractals,ic,post_graph
711,ic2vf3lylz3g7,,ic,post_graph
536,ic35qns48ra3yi,Project 2 Reflection - status,ic,post_graph
499,ic386549uk41xv,Final Exam - Question on Instructions,ic,post_graph
603,ic3at0zc1fx3xy,Assignment 3 Review,ic,post_graph
596,ic3ehvjqlv526c,Project 2 reflection grade t-square,ic,post_graph
253,ic3ipmi0w5e71l,Final Grade TracLast192 Spreadsheet,ic,post_graph
437,ic3jwnthi525ec,Understanding sources of unfairness in data driven decision maLast192,ic,post_graph
334,ic3pg9rq7ee2vg,Request Regrade,ic,post_graph
1009,ic3ppaoh17a2vb,D-08 problem,ic,post_graph
875,ic3qgmw4r8z5yl,,ic,post_graph
755,ic3r0rw1x2121l,,ic,post_graph
400,ic3rgwl3wgg4el,Test Problems Folder/Naming Convention,ic,post_graph
950,ic3tmbr2lyn1tq,,ic,post_graph
169,ic3upx15mejfy,"Hi, may be I missed a point, but when do we know assignment 5 result? Thanks.",ic,post_graph
764,ic3wbo9fsrf1co,How many Cores / CPU does our testing environment have?,ic,post_graph
261,ic3ywso4e9drc,Help understanding paper about RPM,ic,post_graph
789,ic3z7xtero72wi,Determining image differences using pillow,ic,post_graph
170,ic46ty3yub61xc,IBM Watson Cognitive CooLast192 agent,ic,post_graph
427,ic49cextm2g631,,ic,post_graph
78,ic4blsrg3ug1p6,,ic,post_graph
1014,ic4fa7btsmb4am,,ic,post_graph
968,ic4i0letxag6k6,Answering a different topic than the ones mentioned on the list,ic,post_graph
85,ic4jn9dtowc418,,ic,post_graph
1092,ic4u2476m23dy,stack size settings to run app,ic,post_graph
853,ic50jjj2fqi2tc,,ic,post_graph
155,ic5824n4jhs2r,,ic,post_graph
471,ic5elq50ux36xu,What is creativity?,ic,post_graph
706,ic5jdq5vwkt4ea,How to Specify Per Set,ic,post_graph
1018,ic5jozx09hb5hn,,ic,post_graph
771,ic5mqu2ihn6619,EdTech,ic,post_graph
337,ic63dhrc2r75cw,Sorry - another dumb question about the final,ic,post_graph
582,ic683bb8gw73jg,Agent Shut down,ic,post_graph
988,ic6ok8co3lk5n1,Peer feedback suggestion,ic,post_graph
300,ic724qhgmsd2vr,What is a good way to composite binary (mode=1) images in python/pillow?,ic,post_graph
791,ic73njnbi7a5zs,,ic,post_graph
436,ic79dyppv13q,,ic,post_graph
37,ic7wzq192ee69y,,ic,post_graph
24,ic7xo65akv5po,,ic,post_graph
849,ic7z26xyl6t38f,Backup Assignment 6 Submission,ic,post_graph
71,ic81f5ldhyp568,Odd issue with filenames,ic,post_graph
330,ic864b146pz7g9,ChecLast192 if I haven&#39;t missed the assignment 5 score,ic,post_graph
839,ic8ak08cnzc2u8,,ic,post_graph
1128,ic8dh6sa1jb38p,Project 3 Reflection Format Query,ic,post_graph
1038,ic8dwzs0fnr2ft,Final Project 3 Agent Score,ic,post_graph
403,ic8fhnleyol1wr,Use KBAI concepts as much as possible OR less concepts with more details?,ic,post_graph
922,ic8mmbvueo830u,Can I use office hours as a sounding board instead of a place to ask questions?,ic,post_graph
108,ic99gwmgytj6g2,XOR help,ic,post_graph
336,ic9nbflmo8q5sc,Here&#39;s a Python method for removing or thickening edges,ic,post_graph
658,ic9qlwhskf44a2,Bereavement situation,ic,post_graph
1113,ic9x4nljvmi6tn,,ic,post_graph
1001,ic9xt5tmyp1458,"As I finally give up, and decide to sleep...",ic,post_graph
331,icaevfctsy1ow,E-09,icaevfctsy,post_graph
744,icaghtuz17i61w,Agent Time Constraints,icaghtuz,post_graph
1174,icax4ofripl4d5,.class files?,icax,post_graph
601,icazwuwh3p05zt,Clarification requested,icazwuwh,post_graph
1188,icb8fwn6zli12x,Project 2 - Basic Problem C-05.,icb,post_graph
774,icbbuasymg52ec,Additional Peer Reviews,icbbuasymg,post_graph
143,icbdelfn6ik1of,delay,icbdelfn,post_graph
893,icbeaiflmfu1vb,Submitted 2 minutes late,icbeaiflmfu,post_graph
417,icbfesdx1ng60s,,icbfesdx,post_graph
684,icbnl7gemhm6ax,T-Square is Squirrelly. Here&#39;s my code.,icbnl,post_graph
902,icbomz9ncl2b5,System/Laptop Crashed  Before Deadline - Need suggestion,icbomz,post_graph
1241,icbpeuphyys5lh,Project 3 Submitted & Enclosed - Enjoyed The Last15ce To Deeply Reflect!,icbpeuphyys,post_graph
1080,icbw0zoxl20gx,one minute over due time,icbw,post_graph
1070,icbz0413xk94ph,Old Peer Feedback and possibility of a B.,icbz,post_graph
799,icc2qvyfu386cy,good books on NLP?,icc,post_graph
527,icc2ze49m0d1fx,Email from Office of Student Integrity,icc,post_graph
325,icc7nlwnvbf4em,Potential error in Project 3 submission,icc,post_graph
935,icc8x8h6qab5vg,Reg: Violation of Student Code of Conduct - Incident number: 00703-001-2015,icc,post_graph
543,iccbyopliby1mz,Assignment 3/6,iccbyopliby,post_graph
1067,icccfj88k8i4ez,Number of words,icccfj,post_graph
606,icciombtsoc5tg,RSVP for Saturday office hours,icciombtsoc,post_graph
817,iccm2jeyf0s2pg,,iccm,post_graph
164,iccsj865a2q7h0,Is the final exam about RPM-esque projects or verbal projects,iccsj,post_graph
47,icct291t6b41ao,,icct,post_graph
237,iccvsvc0wxp7ft,,iccvsvc,post_graph
442,iccy3b8xbhg6kv,,iccy,post_graph
918,icczqwknaud1s8,Quick question: anyone with experience in educational technology?,icczqwknaud,post_graph
905,icd08c5ps7q4ac,,icd,post_graph
1202,icda1imhps433a,educational technology question,icda,post_graph
409,icdag6na8iy4kg,education technology,icdag,post_graph
88,icdcbbv9ll72sn,Dr. Missing70 and Dr. Missing82 work.,icdcbbv,post_graph
244,icddphokz0z77i,,icddphokz,post_graph
1093,icdfy2dzy5l2nu,Educational Technology Query,icdfy,post_graph
840,icditbfcpg714e,,icditbfcpg,post_graph
1108,icdjksr780n59e,,icdjksr,post_graph
737,icdkg4bhno72re,Project 3 ProbSets B and C verbal attributes?,icdkg,post_graph
1065,icdl9tq21czox,,icdl,post_graph
137,icdltmyq12v6az,,icdltmyq,post_graph
377,icdnvil8t1z35p,EdTech,icdnvil,post_graph
619,icdo81vn4265c8,,icdo,post_graph
28,icdsxnablwf36r,,icdsxnablwf,post_graph
767,icduk7r9gdi7ac,WorLast192 in tech and education,icduk,post_graph
388,icdw9qqur3v10r,Link: Detecting phone scammers auFirst241atically through keyword and voice tone analysis,icdw,post_graph
258,icdxpwyi4s3374,"Can we see an example of &#34;formal, clear, and  detailed rubric&#34;, let it be for other discipline?",icdxpwyi,post_graph
642,icdyu0l9zdc3tc,My assignment page shows that I did not submit the mid-course survey,icdyu,post_graph
347,ice1uevp5ua1gv,Trees Used in Version Spaces,ice,post_graph
953,ice2rznx9uj6t5,,ice,post_graph
327,ice4ehqnl1s6gn,Figured out why I was doing so poorly,ice,post_graph
843,ice56gnse18493,Issues with your Project 3 Agent Submission,ice,post_graph
1101,ice5eejts3r5sa,Issue with your Project 3 Agent Submission,ice,post_graph
110,ice5gslbr751zs,Issues with your Project 3 Agent Submission,ice,post_graph
884,ice5l2yjvx328j,Issue with your Project 3 Agent Submission,ice,post_graph
172,ice5nyuuyl82po,Issue with your Project 3 Agent Submission,ice,post_graph
524,ice5prj2szx3nc,Issue with your Project 3 Agent Submission,ice,post_graph
745,ice5s1s0vph3xa,Issue with your Project 3 Agent Submission,ice,post_graph
6,ice5uvxabqcxp,Issue with your Project 3 Agent Submission,ice,post_graph
1195,iceshe56m4u70b,more guidance on the question 5 in the final exam?,iceshe,post_graph
333,icezg6kzi177ni,Improved Project 3,icezg,post_graph
766,icf39pmnyrw6uz,The dumbing pill (self awaFirst210ss test),icf,post_graph
1061,icf40mszxxi37a,,icf,post_graph
151,icfcl2bbq4n1zc,Issue with your Project 3 Agent Submission,icfcl,post_graph
965,icfcnb4datx3m8,Issue with your Project 3 Agent Submission,icfcnb,post_graph
1023,icfcrv9ij2y2w6,Issue with your Project 3 Agent Submission,icfcrv,post_graph
570,icfcwikc5f74xy,Issue with your Project 3 Agent Submission,icfcwikc,post_graph
481,icfczdci9r84oo,Issue with your Project 3 Agent Submission,icfczdci,post_graph
27,icfd22zrnzn5zj,Issue with your Project 3 Agent Submission,icfd,post_graph
456,icfd5575kbf6g5,Issue with your Project 3 Agent Submission,icfd,post_graph
260,icfdzv7rz1m4q0,,icfdzv,post_graph
205,icfe1yannz14t4,,icfe,post_graph
150,icfnq6wpyyp5zl,No Man&#39;s Sky - KBAI?,icfnq,post_graph
386,icfoft8egbq5r4,Justify?,icfoft,post_graph
785,icfpki2ezpc1jm,,icfpki,post_graph
288,icgfu6gk4as2lm,,icgfu,post_graph
897,icgk1rd2uv54py,Issue with your Project 3 Agent Submission,icgk,post_graph
866,icglybqcmrlir,Clarification on question 2,icglybqcmrlir,post_graph
685,icgq8devke71wa,Succeed vs Apply,icgq,post_graph
912,icgvm8hhyhv5tz,Funny talk radio segment about sandwiches.,icgvm,post_graph
141,ich21mhfxg526p,follow up: delay,ich,post_graph
355,ich24z7beuh72y,Final Exam Q3,ich,post_graph
532,ich4pr56cpp356,Final Agent,ich,post_graph
124,ich791g0ga827x,,ich,post_graph
203,ichtlenikif6pe,calculate total# non-white pixels in python?,ichtlenikif,post_graph
1189,ici1fzmqvz915t,,ici,post_graph
1078,ici4kvl79bk3yp,,ici,post_graph
749,ici8y9lo6bo20p,,ici,post_graph
612,icihbc1n9bl7b0,,icihbc,post_graph
292,icik9hobbfe646,,icik,post_graph
86,iciou120ht058j,,iciou,post_graph
307,icj22vraa4f7bb,,icj,post_graph
299,icj4v3egqqk1iq,,icj,post_graph
315,icjayusyjec1ok,Mountain view visit,icjayusyjec,post_graph
246,icjgq7vp2n458q,Did those topical introductions go anywhere?,icjgq,post_graph
1079,icjjln7txno581,Medical Issue,icjjln,post_graph
75,icjo2748nsk37a,Re:Quick question: anyone with experience in educational technology?,icjo,post_graph
11,ick1vjpebbd3g5,Question about question 4,ick,post_graph
1225,ickfuiphwz43c5,Last100 Final Exam,ickfuiphwz,post_graph
1109,ickjh71ect16dt,"Question 4, asLast192 how human reasons or how AI agent would reasons?",ickjh,post_graph
629,icklejonld361x,Thanks for teaching an excellent class,icklejonld,post_graph
1075,ickyvhzwz753ka,reflection 3,ickyvhzwz,post_graph
5,icl1dc3utze5ra,Missed rubric in feedback before submit,icl,post_graph
1122,icl8eqmfx33aq,Final Exam Submitted; Thanks For The Amazing Course! Keep me posted re future opportunities!,icl,post_graph
1017,icl96sjga3v4nf,Topic of the final Exam,icl,post_graph
435,icl9xp8g1hi1rr,Question about Slack,icl,post_graph
616,iclfzziu4nh67r,Best class I have ever attended!!,iclfzziu,post_graph
797,iclhxrkgnwe57i,Thanks,iclhxrkgnwe,post_graph
1211,iclxyam6scy2cw,Additional Assignments - To Improve on overall Performance and grade,iclxyam,post_graph
1054,icm023fituy1iq,Regarding Peer Feedback Grading,icm,post_graph
806,icm18tjnm8t1vb,Issue with your Project 3 Submission,icm,post_graph
264,icm1dnuwfon7e6,Dinner/Coffee in Mountain View,icm,post_graph
736,icm330r78x23yg,Upload Final?,icm,post_graph
298,icm3vud9zgpkj,,icm,post_graph
275,icm3y4es7py659,First129 HawLast192 is holding a Reddit AMA on AI.,icm,post_graph
294,icm7shp3qmt4hg,,icm,post_graph
803,icmazp12zx54pn,Peer Feedback - Assignment 6,icmazp,post_graph
708,icme07pnolj5p,Mimir: Producing software for auto-grading,icme,post_graph
1248,icmfdq8sgb93cy,,icmfdq,post_graph
932,icmfk10gbbi4ec,OSI Report,icmfk,post_graph
653,icmfkmevm5o38i,OSI Report,icmfkmevm,post_graph
113,icmfl8uc9114lt,OSI Report,icmfl,post_graph
927,icmhe90s4ayia,,icmhe,post_graph
1198,icmhilamyzw1jb,,icmhilamyzw,post_graph
553,icmpcoigk674rz,Project 3 Hand in (late due to power outage),icmpcoigk,post_graph
700,icmqaj4892v2qi,Share your topics on Assignment 5 & 6,icmqaj,post_graph
133,icmsoyyyby03ns,Meeting in Mountain View,icmsoyyyby,post_graph
158,icn1rtcakpv290,,icn,post_graph
1106,icnhwl7754f5pd,Grader feedback for A6,icnhwl,post_graph
798,icnrzp0lp8u626,Writing better papers,icnrzp,post_graph
952,icnuof4mb035fi,Plagiarism Update,icnuof,post_graph
617,icnwcnk9sgk31f,Assignment 6 grading,icnwcnk,post_graph
974,ico3gyyqpfe2qs,Mountain View meetup,ico,post_graph
214,ico8zariji46w3,Final,ico,post_graph
106,ico9zbtko471iq,"Pre-conditions, Post-conditions, Invariants",ico,post_graph
761,icoseh5bzqs5sq,,icoseh,post_graph
206,icot5rfe47o1u1,,icot,post_graph
497,icp3qex67vh3m,Project - 3,icp,post_graph
835,icp4e5zw5tn50g,,icp,post_graph
70,icpeacsodpm303,New Course in Fall 2015: Educational Technology!,icpeacsodpm,post_graph
243,icprebynbq55nx,Urgent - Issue with your Project 3 Agent Submission,icprebynbq,post_graph
1051,icqg7hsey8d2c0,Plagiarism - My project code submission,icqg,post_graph
508,icqr1ruurz25db,Biologically inspired design: tiny robots that can jump on water,icqr,post_graph
391,icqzsy5c5js7p9,Project 3 Agent Results,icqzsy,post_graph
423,icr48wzjpde5ta,,icr,post_graph
1143,icrlr4d9yyibi,,icrlr,post_graph
358,ics1j699gmv1es,No Office Hours Today (Friday) or First241orrow (Saturday),ics,post_graph
555,ics3hiqr3it79x,,ics,post_graph
255,icsi1wgi5vf2bs,,icsi,post_graph
670,ictnk2gzp7c6ro,Project 3 Grades & Stats,ictnk,post_graph
411,ictohw1mp5v48k,,ictohw,post_graph
468,ictojctlaj6375,Project 3 reflection,ictojctlaj,post_graph
1179,ictoyqc638z5n7,,ictoyqc,post_graph
381,ictpmok0jtlpo,Overall project grade,ictpmok,post_graph
277,ictsa2y1lez6y,project 3 results - agent skipped every single test problem ;(,ictsa,post_graph
788,ictv5twe62f22i,,ictv,post_graph
945,ictv9psa90ea1,Silly Post,ictv,post_graph
1126,icu05blm42w4rm,A robot Chef appears in the wild...,icu,post_graph
1154,icu4w1zvpqg3fg,Final Exam Grades,icu,post_graph
891,icu93pdfadf5ui,Peer Feedback Scores Uploaded,icu,post_graph
211,icuen2ve68k77k,Unexpected proj 3 results,icuen,post_graph
1155,icuew3qdea1313,,icuew,post_graph
924,icufody3sz04ug,Project 3 Grade,icufody,post_graph
515,icui2a4i94054j,Course Grade,icui,post_graph
854,icuinlbl1ok7ng,&#34;Course Grade: Not yet available&#34; under GRADEBOOK,icuinlbl,post_graph
492,icuowg3bcu52dp,KBAI Intended Goals,icuowg,post_graph
598,icuu6w19zsh79s,,icuu,post_graph
271,icuuix7lfcka7,Gradebook Project 3 grade,icuuix,post_graph
1006,icuyfma446u3bq,,icuyfma,post_graph
339,icv5zdz9nun2v9,Exam Feedback,icv,post_graph
493,icv6e1xp1fpwk,Consideration for agents that learn,icv,post_graph
33,icvyohh826e2ck,Thank you for an awesome experience!,icvyohh,post_graph
701,icw9v6uupo54f,What User77ers is what we have learned.,icw,post_graph
323,icwbaszn5j65c3,Final grade visible in unofficial transcripts,icwbaszn,post_graph
1169,icwggoxdfmb532,Regarding my deficiency for KBAI Summer semester,icwggoxdfmb,post_graph
537,icwmj6t138i45w,Volunteer in KBAI Course?,icwmj,post_graph
1193,icwpjg9y3c03rm,Final Grade - Incomplete I,icwpjg,post_graph
269,icwrvdsau4u2hv,All good things must come to an end!,icwrvdsau,post_graph
228,icwv0payqhb1m7,"If you could do the projects again, would you start with verbal or visual?",icwv,post_graph
1000,icwvamplgjw74q,Actual Raven&#39;s Matrices,icwvamplgjw,post_graph
989,icy7wks9852yl,Made some cup-cakes to celebrate!,icy,post_graph
559,icyqmyvygqf4ug,Thank you,icyqmyvygqf,post_graph
846,icyyymmo9qi47w,,icyyymmo,post_graph
1005,icz38laedhb4v0,,icz,post_graph
407,icz63nwq7rw4w4,Thank you!,icz,post_graph
174,id1bcaqnd9g6kd,EdTech TAing,id,post_graph
660,id1td5q6ac53q3,How to train an Agent using a document and make it ready for Q&A,id,post_graph
847,id6455fdojx3ev,Course grade,id,post_graph
907,idt40mpsltz2id,Run our agents vs Raven&#39;s Problems,idt,post_graph
379,,,None,post_graph
